<?xml version="1.0" encoding="UTF-8"?><MD_Metadata xmlns:xlink="http://www.w3.org/1999/xlink" xmlns:srv="http://www.isotc211.org/2005/srv" xmlns:gts="http://www.isotc211.org/2005/gts" xmlns:xalan="http://xml.apache.org/xalan" xmlns:gco="http://www.isotc211.org/2005/gco" xmlns:gml="http://www.opengis.net/gml" xmlns:xsi="http://www.w3.org/2001/XMLSchema-instance" xmlns="http://www.isotc211.org/2005/gmd">
    <fileIdentifier>
        <gco:CharacterString>C4394816-82AF-40CB-8423-46E914E9AA9C</gco:CharacterString>
    </fileIdentifier>
    <language>
        <LanguageCode codeList="http://www.loc.gov/standards/iso639-2/php/code_list.php" codeListValue="eng" codeSpace="ISO639-2">eng</LanguageCode>
    </language>
    <characterSet>
        <MD_CharacterSetCode codeList="http://www.isotc211.org/2005/resources/Codelist/gmxCodelists.xml#MD_CharacterSetCode" codeListValue="utf8" codeSpace="ISOTC211/19115">utf8</MD_CharacterSetCode>
    </characterSet>
    <hierarchyLevel>
        <MD_ScopeCode codeList="http://www.isotc211.org/2005/resources/Codelist/gmxCodelists.xml#MD_ScopeCode" codeListValue="dataset" codeSpace="ISOTC211/19115">dataset</MD_ScopeCode>
    </hierarchyLevel>
    <contact>
        <CI_ResponsibleParty>
            <individualName>
                <gco:CharacterString>Anna Stefanowicz</gco:CharacterString>
            </individualName>
            <organisationName>
                <gco:CharacterString>NC Wildlife Resources Commission</gco:CharacterString>
            </organisationName>
            <positionName>
                <gco:CharacterString>GIS Analyst</gco:CharacterString>
            </positionName>
            <contactInfo>
                <CI_Contact>
                    <phone>
                        <CI_Telephone>
                            <voice>
                                <gco:CharacterString>919-707-0152</gco:CharacterString>
                            </voice>
                        </CI_Telephone>
                    </phone>
                    <address>
                        <CI_Address>
                            <deliveryPoint>
                                <gco:CharacterString>1720 Mail Service Center</gco:CharacterString>
                            </deliveryPoint>
                            <city>
                                <gco:CharacterString>Raleigh</gco:CharacterString>
                            </city>
                            <administrativeArea>
                                <gco:CharacterString>NC</gco:CharacterString>
                            </administrativeArea>
                            <postalCode>
                                <gco:CharacterString>27699</gco:CharacterString>
                            </postalCode>
                            <country>
                                <Country codeList="http://www.iso.org/iso/country_codes/iso_3166_code_lists.htm" codeListValue="US" codeSpace="ISO3166-1">US</Country>
                            </country>
                            <electronicMailAddress>
                                <gco:CharacterString>anna.stefanowicz@ncwildlife.org</gco:CharacterString>
                            </electronicMailAddress>
                        </CI_Address>
                    </address>
                </CI_Contact>
            </contactInfo>
            <role>
                <CI_RoleCode codeList="http://www.isotc211.org/2005/resources/Codelist/gmxCodelists.xml#CI_RoleCode" codeListValue="custodian" codeSpace="ISOTC211/19115">custodian</CI_RoleCode>
            </role>
        </CI_ResponsibleParty>
    </contact>
    <dateStamp>
        <gco:Date>2020-08-18</gco:Date>
    </dateStamp>
    <metadataStandardName>
        <gco:CharacterString>NAP - Metadata</gco:CharacterString>
    </metadataStandardName>
    <metadataStandardVersion>
        <gco:CharacterString>1.2</gco:CharacterString>
    </metadataStandardVersion>
    <spatialRepresentationInfo>
        <MD_VectorSpatialRepresentation>
            <topologyLevel>
                <MD_TopologyLevelCode codeList="http://www.isotc211.org/2005/resources/Codelist/gmxCodelists.xml#MD_TopologyLevelCode" codeListValue="geometryOnly" codeSpace="ISOTC211/19115">geometryOnly</MD_TopologyLevelCode>
            </topologyLevel>
            <geometricObjects>
                <MD_GeometricObjects>
                    <geometricObjectType>
                        <MD_GeometricObjectTypeCode codeList="http://www.isotc211.org/2005/resources/Codelist/gmxCodelists.xml#MD_GeometricObjectTypeCode" codeListValue="composite" codeSpace="ISOTC211/19115">composite</MD_GeometricObjectTypeCode>
                    </geometricObjectType>
                </MD_GeometricObjects>
            </geometricObjects>
        </MD_VectorSpatialRepresentation>
    </spatialRepresentationInfo>
    <referenceSystemInfo>
        <MD_ReferenceSystem>
            <referenceSystemIdentifier>
                <RS_Identifier>
                    <code>
                        <gco:CharacterString>32119</gco:CharacterString>
                    </code>
                    <codeSpace>
                        <gco:CharacterString>EPSG</gco:CharacterString>
                    </codeSpace>
                    <version>
                        <gco:CharacterString>6.12(3.0.1)</gco:CharacterString>
                    </version>
                </RS_Identifier>
            </referenceSystemIdentifier>
        </MD_ReferenceSystem>
    </referenceSystemInfo>
    <identificationInfo>
        <MD_DataIdentification>
            <citation>
                <CI_Citation>
                    <title>
                        <gco:CharacterString>gamelands_general1</gco:CharacterString>
                    </title>
                    <date>
                        <CI_Date>
                            <date>
                                <gco:Date>2020-02-04</gco:Date>
                            </date>
                            <dateType>
                                <CI_DateTypeCode codeList="http://www.isotc211.org/2005/resources/Codelist/gmxCodelists.xml#CI_DateTypeCode" codeListValue="revision" codeSpace="ISOTC211/19115">revision</CI_DateTypeCode>
                            </dateType>
                        </CI_Date>
                    </date>
                    <citedResponsibleParty gco:nilReason="missing"/>
                </CI_Citation>
            </citation>
            <abstract>
                <gco:CharacterString>This dataset shows lands in North Carolina designated as &amp;quot;game lands&amp;quot; and managed by the North Carolina Wildlife Resources Commission (NCWRC) for public hunting, trapping, inland fishing and other related activities. This dataset shows general game land information with boundaries dissolved by game land name. Game land regulations are available in the North Carolina Regulation Digest. Individual game land maps are available at https://www.ncwildlife.org/Hunting/Where-To-Hunt-Shoot/Public-Places.</gco:CharacterString>
            </abstract>
            <purpose>
                <gco:CharacterString>NCWRC Game Land general boundaries.</gco:CharacterString>
            </purpose>
            <credit>
                <gco:CharacterString>NCWRC</gco:CharacterString>
            </credit>
            <status gco:nilReason="missing"/>
            <pointOfContact>
                <CI_ResponsibleParty>
                    <individualName>
                        <gco:CharacterString>Anna Stefanowicz</gco:CharacterString>
                    </individualName>
                    <organisationName>
                        <gco:CharacterString>NC Wildlife Resources Commission</gco:CharacterString>
                    </organisationName>
                    <positionName>
                        <gco:CharacterString>GIS Analyst</gco:CharacterString>
                    </positionName>
                    <contactInfo>
                        <CI_Contact>
                            <phone>
                                <CI_Telephone>
                                    <voice>
                                        <gco:CharacterString>919-707-0152</gco:CharacterString>
                                    </voice>
                                </CI_Telephone>
                            </phone>
                            <address>
                                <CI_Address>
                                    <deliveryPoint>
                                        <gco:CharacterString>1720 Mail Service Center</gco:CharacterString>
                                    </deliveryPoint>
                                    <city>
                                        <gco:CharacterString>Raleigh</gco:CharacterString>
                                    </city>
                                    <administrativeArea>
                                        <gco:CharacterString>NC</gco:CharacterString>
                                    </administrativeArea>
                                    <postalCode>
                                        <gco:CharacterString>27699</gco:CharacterString>
                                    </postalCode>
                                    <country>
                                        <Country codeList="http://www.iso.org/iso/country_codes/iso_3166_code_lists.htm" codeListValue="US" codeSpace="ISO3166-1">US</Country>
                                    </country>
                                    <electronicMailAddress>
                                        <gco:CharacterString>anna.stefanowicz@ncwildlife.org</gco:CharacterString>
                                    </electronicMailAddress>
                                </CI_Address>
                            </address>
                        </CI_Contact>
                    </contactInfo>
                    <role>
                        <CI_RoleCode codeList="http://www.isotc211.org/2005/resources/Codelist/gmxCodelists.xml#CI_RoleCode" codeListValue="custodian" codeSpace="ISOTC211/19115">custodian</CI_RoleCode>
                    </role>
                </CI_ResponsibleParty>
            </pointOfContact>
            <descriptiveKeywords>
                <MD_Keywords>
                    <keyword>
                        <gco:CharacterString>Downloadable Data</gco:CharacterString>
                    </keyword>
                    <thesaurusName uuidref="723f6998-058e-11dc-8314-0800200c9a66"/>
                </MD_Keywords>
            </descriptiveKeywords>
            <descriptiveKeywords>
                <MD_Keywords>
                    <keyword>
                        <gco:CharacterString>game lands</gco:CharacterString>
                    </keyword>
                    <keyword>
                        <gco:CharacterString>hunting</gco:CharacterString>
                    </keyword>
                    <keyword>
                        <gco:CharacterString>trapping</gco:CharacterString>
                    </keyword>
                    <keyword>
                        <gco:CharacterString>fishing</gco:CharacterString>
                    </keyword>
                    <keyword>
                        <gco:CharacterString>conservation lands</gco:CharacterString>
                    </keyword>
                    <keyword>
                        <gco:CharacterString>wildlife</gco:CharacterString>
                    </keyword>
                    <keyword>
                        <gco:CharacterString>NC</gco:CharacterString>
                    </keyword>
                    <keyword>
                        <gco:CharacterString>North Carolina</gco:CharacterString>
                    </keyword>
                    <keyword>
                        <gco:CharacterString>Wildlife Resources Commission</gco:CharacterString>
                    </keyword>
                    <keyword>
                        <gco:CharacterString>NCWRC</gco:CharacterString>
                    </keyword>
                    <keyword>
                        <gco:CharacterString>NC OneMap</gco:CharacterString>
                    </keyword>
                </MD_Keywords>
            </descriptiveKeywords>
            <descriptiveKeywords>
                <MD_Keywords>
                    <keyword>
                        <gco:CharacterString>game lands</gco:CharacterString>
                    </keyword>
                    <keyword>
                        <gco:CharacterString>hunting</gco:CharacterString>
                    </keyword>
                    <keyword>
                        <gco:CharacterString>trapping</gco:CharacterString>
                    </keyword>
                    <keyword>
                        <gco:CharacterString>fishing</gco:CharacterString>
                    </keyword>
                    <keyword>
                        <gco:CharacterString>conservation lands</gco:CharacterString>
                    </keyword>
                    <keyword>
                        <gco:CharacterString>wildlife</gco:CharacterString>
                    </keyword>
                    <keyword>
                        <gco:CharacterString>NC</gco:CharacterString>
                    </keyword>
                    <keyword>
                        <gco:CharacterString>North Carolina</gco:CharacterString>
                    </keyword>
                    <keyword>
                        <gco:CharacterString>Wildlife Resources Commission</gco:CharacterString>
                    </keyword>
                    <keyword>
                        <gco:CharacterString>NCWRC</gco:CharacterString>
                    </keyword>
                    <keyword>
                        <gco:CharacterString>NC OneMap</gco:CharacterString>
                    </keyword>
                </MD_Keywords>
            </descriptiveKeywords>
            <descriptiveKeywords>
                <MD_Keywords>
                    <keyword>
                        <gco:CharacterString>game lands</gco:CharacterString>
                    </keyword>
                    <keyword>
                        <gco:CharacterString>hunting</gco:CharacterString>
                    </keyword>
                    <keyword>
                        <gco:CharacterString>trapping</gco:CharacterString>
                    </keyword>
                    <keyword>
                        <gco:CharacterString>fishing</gco:CharacterString>
                    </keyword>
                    <keyword>
                        <gco:CharacterString>conservation lands</gco:CharacterString>
                    </keyword>
                    <keyword>
                        <gco:CharacterString>wildlife</gco:CharacterString>
                    </keyword>
                    <keyword>
                        <gco:CharacterString>NC</gco:CharacterString>
                    </keyword>
                    <keyword>
                        <gco:CharacterString>North Carolina</gco:CharacterString>
                    </keyword>
                    <keyword>
                        <gco:CharacterString>Wildlife Resources Commission</gco:CharacterString>
                    </keyword>
                    <keyword>
                        <gco:CharacterString>NCWRC</gco:CharacterString>
                    </keyword>
                    <keyword>
                        <gco:CharacterString>NC OneMap</gco:CharacterString>
                    </keyword>
                </MD_Keywords>
            </descriptiveKeywords>
            <descriptiveKeywords>
                <MD_Keywords>
                    <keyword>
                        <gco:CharacterString>game lands</gco:CharacterString>
                    </keyword>
                    <keyword>
                        <gco:CharacterString>hunting</gco:CharacterString>
                    </keyword>
                    <keyword>
                        <gco:CharacterString>trapping</gco:CharacterString>
                    </keyword>
                    <keyword>
                        <gco:CharacterString>fishing</gco:CharacterString>
                    </keyword>
                    <keyword>
                        <gco:CharacterString>conservation lands</gco:CharacterString>
                    </keyword>
                    <keyword>
                        <gco:CharacterString>wildlife</gco:CharacterString>
                    </keyword>
                    <keyword>
                        <gco:CharacterString>NC</gco:CharacterString>
                    </keyword>
                    <keyword>
                        <gco:CharacterString>North Carolina</gco:CharacterString>
                    </keyword>
                    <keyword>
                        <gco:CharacterString>Wildlife Resources Commission</gco:CharacterString>
                    </keyword>
                    <keyword>
                        <gco:CharacterString>NCWRC</gco:CharacterString>
                    </keyword>
                    <keyword>
                        <gco:CharacterString>NC OneMap</gco:CharacterString>
                    </keyword>
                </MD_Keywords>
            </descriptiveKeywords>
            <descriptiveKeywords>
                <MD_Keywords>
                    <keyword>
                        <gco:CharacterString>game lands</gco:CharacterString>
                    </keyword>
                    <keyword>
                        <gco:CharacterString>hunting</gco:CharacterString>
                    </keyword>
                    <keyword>
                        <gco:CharacterString>trapping</gco:CharacterString>
                    </keyword>
                    <keyword>
                        <gco:CharacterString>fishing</gco:CharacterString>
                    </keyword>
                    <keyword>
                        <gco:CharacterString>conservation lands</gco:CharacterString>
                    </keyword>
                    <keyword>
                        <gco:CharacterString>wildlife</gco:CharacterString>
                    </keyword>
                    <keyword>
                        <gco:CharacterString>NC</gco:CharacterString>
                    </keyword>
                    <keyword>
                        <gco:CharacterString>North Carolina</gco:CharacterString>
                    </keyword>
                    <keyword>
                        <gco:CharacterString>Wildlife Resources Commission</gco:CharacterString>
                    </keyword>
                    <keyword>
                        <gco:CharacterString>NCWRC</gco:CharacterString>
                    </keyword>
                    <keyword>
                        <gco:CharacterString>NC OneMap</gco:CharacterString>
                    </keyword>
                </MD_Keywords>
            </descriptiveKeywords>
            <descriptiveKeywords>
                <MD_Keywords>
                    <keyword>
                        <gco:CharacterString>game lands</gco:CharacterString>
                    </keyword>
                    <keyword>
                        <gco:CharacterString>hunting</gco:CharacterString>
                    </keyword>
                    <keyword>
                        <gco:CharacterString>trapping</gco:CharacterString>
                    </keyword>
                    <keyword>
                        <gco:CharacterString>fishing</gco:CharacterString>
                    </keyword>
                    <keyword>
                        <gco:CharacterString>conservation lands</gco:CharacterString>
                    </keyword>
                    <keyword>
                        <gco:CharacterString>wildlife</gco:CharacterString>
                    </keyword>
                    <keyword>
                        <gco:CharacterString>NC</gco:CharacterString>
                    </keyword>
                    <keyword>
                        <gco:CharacterString>North Carolina</gco:CharacterString>
                    </keyword>
                    <keyword>
                        <gco:CharacterString>Wildlife Resources Commission</gco:CharacterString>
                    </keyword>
                    <keyword>
                        <gco:CharacterString>NCWRC</gco:CharacterString>
                    </keyword>
                    <keyword>
                        <gco:CharacterString>NC OneMap</gco:CharacterString>
                    </keyword>
                </MD_Keywords>
            </descriptiveKeywords>
            <descriptiveKeywords>
                <MD_Keywords>
                    <keyword>
                        <gco:CharacterString>game lands</gco:CharacterString>
                    </keyword>
                    <keyword>
                        <gco:CharacterString>hunting</gco:CharacterString>
                    </keyword>
                    <keyword>
                        <gco:CharacterString>trapping</gco:CharacterString>
                    </keyword>
                    <keyword>
                        <gco:CharacterString>fishing</gco:CharacterString>
                    </keyword>
                    <keyword>
                        <gco:CharacterString>conservation lands</gco:CharacterString>
                    </keyword>
                    <keyword>
                        <gco:CharacterString>wildlife</gco:CharacterString>
                    </keyword>
                    <keyword>
                        <gco:CharacterString>NC</gco:CharacterString>
                    </keyword>
                    <keyword>
                        <gco:CharacterString>North Carolina</gco:CharacterString>
                    </keyword>
                    <keyword>
                        <gco:CharacterString>Wildlife Resources Commission</gco:CharacterString>
                    </keyword>
                    <keyword>
                        <gco:CharacterString>NCWRC</gco:CharacterString>
                    </keyword>
                    <keyword>
                        <gco:CharacterString>NC OneMap</gco:CharacterString>
                    </keyword>
                </MD_Keywords>
            </descriptiveKeywords>
            <descriptiveKeywords>
                <MD_Keywords>
                    <keyword>
                        <gco:CharacterString>game lands</gco:CharacterString>
                    </keyword>
                    <keyword>
                        <gco:CharacterString>hunting</gco:CharacterString>
                    </keyword>
                    <keyword>
                        <gco:CharacterString>trapping</gco:CharacterString>
                    </keyword>
                    <keyword>
                        <gco:CharacterString>fishing</gco:CharacterString>
                    </keyword>
                    <keyword>
                        <gco:CharacterString>conservation lands</gco:CharacterString>
                    </keyword>
                    <keyword>
                        <gco:CharacterString>wildlife</gco:CharacterString>
                    </keyword>
                    <keyword>
                        <gco:CharacterString>NC</gco:CharacterString>
                    </keyword>
                    <keyword>
                        <gco:CharacterString>North Carolina</gco:CharacterString>
                    </keyword>
                    <keyword>
                        <gco:CharacterString>Wildlife Resources Commission</gco:CharacterString>
                    </keyword>
                    <keyword>
                        <gco:CharacterString>NCWRC</gco:CharacterString>
                    </keyword>
                    <keyword>
                        <gco:CharacterString>NC OneMap</gco:CharacterString>
                    </keyword>
                </MD_Keywords>
            </descriptiveKeywords>
            <descriptiveKeywords>
                <MD_Keywords>
                    <keyword>
                        <gco:CharacterString>game lands</gco:CharacterString>
                    </keyword>
                    <keyword>
                        <gco:CharacterString>hunting</gco:CharacterString>
                    </keyword>
                    <keyword>
                        <gco:CharacterString>trapping</gco:CharacterString>
                    </keyword>
                    <keyword>
                        <gco:CharacterString>fishing</gco:CharacterString>
                    </keyword>
                    <keyword>
                        <gco:CharacterString>conservation lands</gco:CharacterString>
                    </keyword>
                    <keyword>
                        <gco:CharacterString>wildlife</gco:CharacterString>
                    </keyword>
                    <keyword>
                        <gco:CharacterString>NC</gco:CharacterString>
                    </keyword>
                    <keyword>
                        <gco:CharacterString>North Carolina</gco:CharacterString>
                    </keyword>
                    <keyword>
                        <gco:CharacterString>Wildlife Resources Commission</gco:CharacterString>
                    </keyword>
                    <keyword>
                        <gco:CharacterString>NCWRC</gco:CharacterString>
                    </keyword>
                    <keyword>
                        <gco:CharacterString>NC OneMap</gco:CharacterString>
                    </keyword>
                </MD_Keywords>
            </descriptiveKeywords>
            <descriptiveKeywords>
                <MD_Keywords>
                    <keyword>
                        <gco:CharacterString>game lands</gco:CharacterString>
                    </keyword>
                    <keyword>
                        <gco:CharacterString>hunting</gco:CharacterString>
                    </keyword>
                    <keyword>
                        <gco:CharacterString>trapping</gco:CharacterString>
                    </keyword>
                    <keyword>
                        <gco:CharacterString>fishing</gco:CharacterString>
                    </keyword>
                    <keyword>
                        <gco:CharacterString>conservation lands</gco:CharacterString>
                    </keyword>
                    <keyword>
                        <gco:CharacterString>wildlife</gco:CharacterString>
                    </keyword>
                    <keyword>
                        <gco:CharacterString>NC</gco:CharacterString>
                    </keyword>
                    <keyword>
                        <gco:CharacterString>North Carolina</gco:CharacterString>
                    </keyword>
                    <keyword>
                        <gco:CharacterString>Wildlife Resources Commission</gco:CharacterString>
                    </keyword>
                    <keyword>
                        <gco:CharacterString>NCWRC</gco:CharacterString>
                    </keyword>
                    <keyword>
                        <gco:CharacterString>NC OneMap</gco:CharacterString>
                    </keyword>
                </MD_Keywords>
            </descriptiveKeywords>
            <descriptiveKeywords>
                <MD_Keywords>
                    <keyword>
                        <gco:CharacterString>game lands</gco:CharacterString>
                    </keyword>
                    <keyword>
                        <gco:CharacterString>hunting</gco:CharacterString>
                    </keyword>
                    <keyword>
                        <gco:CharacterString>trapping</gco:CharacterString>
                    </keyword>
                    <keyword>
                        <gco:CharacterString>fishing</gco:CharacterString>
                    </keyword>
                    <keyword>
                        <gco:CharacterString>conservation lands</gco:CharacterString>
                    </keyword>
                    <keyword>
                        <gco:CharacterString>wildlife</gco:CharacterString>
                    </keyword>
                    <keyword>
                        <gco:CharacterString>NC</gco:CharacterString>
                    </keyword>
                    <keyword>
                        <gco:CharacterString>North Carolina</gco:CharacterString>
                    </keyword>
                    <keyword>
                        <gco:CharacterString>Wildlife Resources Commission</gco:CharacterString>
                    </keyword>
                    <keyword>
                        <gco:CharacterString>NCWRC</gco:CharacterString>
                    </keyword>
                    <keyword>
                        <gco:CharacterString>NC OneMap</gco:CharacterString>
                    </keyword>
                </MD_Keywords>
            </descriptiveKeywords>
            <resourceConstraints>
                <MD_Constraints>
                    <useLimitation>
                        <gco:CharacterString>While efforts have been made to ensure that the information provided is accurate as possible, the NCWRC gives no warranty, expressed or implied, as to the accuracy, reliability, or completeness of this information. Features and boundaries may be approximate and should not be used for regulatory purposes.</gco:CharacterString>
                    </useLimitation>
                </MD_Constraints>
            </resourceConstraints>
            <spatialRepresentationType>
                <MD_SpatialRepresentationTypeCode codeList="http://www.isotc211.org/2005/resources/Codelist/gmxCodelists.xml#MD_SpatialRepresentationTypeCode" codeListValue="vector" codeSpace="ISOTC211/19115">vector</MD_SpatialRepresentationTypeCode>
            </spatialRepresentationType>
            <language>
                <LanguageCode codeList="http://www.loc.gov/standards/iso639-2/php/code_list.php" codeListValue="eng" codeSpace="ISO639-2">eng</LanguageCode>
            </language>
            <characterSet>
                <MD_CharacterSetCode codeList="http://www.isotc211.org/2005/resources/Codelist/gmxCodelists.xml#MD_CharacterSetCode" codeListValue="utf8" codeSpace="ISOTC211/19115">utf8</MD_CharacterSetCode>
            </characterSet>
            <topicCategory>
                <MD_TopicCategoryCode>boundaries</MD_TopicCategoryCode>
            </topicCategory>
            <environmentDescription>
                <gco:CharacterString> Version 6.2 (Build 9200) ; Esri ArcGIS 10.7.1.11595</gco:CharacterString>
            </environmentDescription>
            <extent>
                <EX_Extent>
                    <geographicElement>
                        <EX_GeographicBoundingBox>
                            <extentTypeCode>
                                <gco:Boolean>true</gco:Boolean>
                            </extentTypeCode>
                            <westBoundLongitude>
                                <gco:Decimal>-84.38362</gco:Decimal>
                            </westBoundLongitude>
                            <eastBoundLongitude>
                                <gco:Decimal>-75.492764</gco:Decimal>
                            </eastBoundLongitude>
                            <southBoundLatitude>
                                <gco:Decimal>33.875279</gco:Decimal>
                            </southBoundLatitude>
                            <northBoundLatitude>
                                <gco:Decimal>36.617254</gco:Decimal>
                            </northBoundLatitude>
                        </EX_GeographicBoundingBox>
                    </geographicElement>
                </EX_Extent>
            </extent>
        </MD_DataIdentification>
    </identificationInfo>
    <distributionInfo>
        <MD_Distribution>
            <distributionFormat>
                <MD_Format>
                    <name>
                        <gco:CharacterString>File Geodatabase Feature Class</gco:CharacterString>
                    </name>
                    <version gco:nilReason="missing"/>
                </MD_Format>
            </distributionFormat>
        </MD_Distribution>
    </distributionInfo>
    <metadataMaintenance>
        <MD_MaintenanceInformation>
            <maintenanceAndUpdateFrequency>
                <MD_MaintenanceFrequencyCode codeList="http://www.isotc211.org/2005/resources/Codelist/gmxCodelists.xml#MD_MaintenanceFrequencyCode" codeListValue="asNeeded" codeSpace="ISOTC211/19115">asNeeded</MD_MaintenanceFrequencyCode>
            </maintenanceAndUpdateFrequency>
        </MD_MaintenanceInformation>
    </metadataMaintenance>
</MD_Metadata>
